이미지 파일 경로, 국기
flags/GH.gif,가나
flags/GA.gif,가봉
flags/GY.gif,가이아나
flags/GM.gif,감비아
flags/GG.gif,건지
flags/GP.gif,과들루프
flags/GT.gif,과테말라
flags/GU.gif,괌
flags/GD.gif,그레나다
flags/GR.gif,그리스
flags/GL.gif,그린란드
flags/GN.gif,기니
flags/GW.gif,기니비사우
flags/NA.gif,나미비아
flags/NR.gif,나우루
flags/NG.gif,나이지리아
flags/SS.gif,남수단
flags/ZA.gif,남아프리카공화국
flags/NL.gif,네덜란드
flags/AN.gif,네덜란드령 안틸레스
flags/NP.gif,네팔
flags/NO.gif,노르웨이
flags/NC.gif,뉴 칼레도니아
flags/NZ.gif,뉴질랜드
flags/NU.png,니우에
flags/NE.gif,니제르
flags/NI.gif,니카라과
flags/DK.gif,덴마크
flags/DO.bmp,도미니카공화국
flags/DM.gif,도미니카연방
flags/DE.gif,독일
flags/TL.gif,동티모르
flags/LA.gif,라오스
flags/LR.gif,라이베리아
flags/LV.gif,라트비아
flags/RU.gif,러시아
flags/LB.gif,레바논
flags/LS.gif,레소토
flags/RE.gif,레위니옹
flags/RO.gif,루마니아
flags/LU.gif,룩셈부르크
flags/RW.gif,르완다
flags/LY.gif,리비아
flags/LT.gif,리투아니아
flags/LI.gif,리히텐슈타인
flags/MG.gif,마다가스카르
flags/MQ.gif,마르티니크
flags/MH.gif,마셜제도
flags/YT.gif,마요트
flags/FM.gif,마이크로네시아연방
flags/MW.gif,말라위
flags/MY.gif,말레이시아
flags/ML.gif,말리
flags/IM.gif,맨 섬
flags/MX.gif,멕시코
flags/MC.gif,모나코
flags/MA.gif,모로코
flags/MU.gif,모리셔스
flags/MR.gif,모리타니아
flags/MZ.gif,모잠비크
flags/ME.gif,몬테네그로
flags/MS.gif,몬트세랫
flags/MD.gif,몰도바
flags/MV.gif,몰디브
flags/MT.gif,몰타
flags/MN.gif,몽골
flags/US.gif,미국
flags/MM.gif,미얀마
flags/VU.gif,바누아투
flags/BH.gif,바레인
flags/BB.gif,바베이도스
flags/VA.gif,교황청
flags/BS.gif,바하마
flags/BD.gif,방글라데시
flags/BM.gif,버뮤다
flags/BJ.gif,베냉
flags/VE.gif,베네수엘라
flags/VN.gif,베트남
flags/BE.gif,벨기에
flags/BY.gif,벨라루스
flags/BZ.gif,벨리즈
flags/BA.gif,보스니아헤르체고비나
flags/BW.gif,보츠와나
flags/BO.gif,볼리비아
flags/BI.gif,부룬디
flags/BF.gif,부르키나파소
flags/BT.gif,부탄
flags/MP.gif,북마리아나 군도
flags/MK.gif,북마케도니아
flags/BG.gif,불가리아
flags/BR.gif,브라질
flags/BN.gif,브루나이
flags/WS.gif,사모아
flags/SA.gif,사우디아라비아
flags/CY.gif,사이프러스
flags/EH.gif,사하라 아랍민주공화국(서부사하라)
flags/SM.gif,산마리노
flags/ST.gif,상투메프린시페
flags/PM.gif,생피에르·미클롱
flags/SN.gif,세네갈
flags/RS.gif,세르비아
flags/SC.gif,세이셸
flags/LC.bmp,세인트 루시아
flags/VC.gif,세인트 빈센트 그레나딘
flags/KN.gif,세인트 키츠 네비스
flags/SH.gif,세인트 헬레나 섬
flags/SO.gif,소말리아
flags/SB.gif,솔로몬제도
flags/SD.gif,수단
flags/SR.gif,수리남
flags/LK.gif,스리랑카
flags/SE.gif,스웨덴
flags/CH.gif,스위스
flags/ES.gif,스페인
flags/SK.gif,슬로바키아
flags/SI.gif,슬로베니아
flags/SY.gif,시리아
flags/SL.gif,시에라리온
flags/SG.gif,싱가포르
flags/AE.gif,아랍에미리트
flags/AW.gif,아루바
flags/AM.gif,아르메니아
flags/AR.gif,아르헨티나
flags/IS.gif,아이슬란드
flags/HT.gif,아이티
flags/IE.gif,아일랜드
flags/AZ.gif,아제르바이잔
flags/AF.gif,아프가니스탄
flags/AD.gif,안도라
flags/AL.gif,알바니아
flags/DZ.gif,알제리
flags/AO.gif,앙골라
flags/AG.gif,앤티가바부다
flags/AI.gif,앵귈라
flags/ER.gif,에리트레아
flags/SZ.gif,에스와티니
flags/EE.gif,에스토니아
flags/EC.gif,에콰도르
flags/ET.gif,에티오피아
flags/SV.bmp,엘살바도르
flags/GB.gif,영국
flags/AQ.gif,영국령 남극지역
flags/VG.gif,영국령 버진 아일랜드
flags/IO.gif,영국령 인도양 제도
flags/YE.gif,예멘
flags/OM.gif,오만
flags/AT.gif,오스트리아
flags/HN.gif,온두라스
flags/WF.gif,왈리스·퓌튀나
flags/JO.gif,요르단
flags/UG.gif,우간다
flags/UY.gif,우루과이
flags/UZ.gif,우즈베키스탄
flags/UA.gif,우크라이나
flags/IQ.gif,이라크
flags/IR.gif,이란
flags/IL.gif,이스라엘
flags/EG.gif,이집트
flags/IT.gif,이탈리아
flags/IN.gif,인도
flags/ID.gif,인도네시아
flags/JP.gif,일본
flags/JM.gif,자메이카
flags/ZM.gif,잠비아
flags/JE.gif,저지
flags/GQ.gif,적도기니
flags/GE.gif,조지아
flags/CN.gif,중국
flags/CF.gif,중앙아프리카공화국
flags/DJ.gif,지부티
flags/GI.gif,지브롤터
flags/ZW.gif,짐바브웨
flags/TD.gif,차드
flags/CZ.gif,체코
flags/CL.gif,칠레
flags/CM.gif,카메룬
flags/CV.gif,카보베르데
flags/KZ.gif,카자흐스탄
flags/QA.gif,카타르
flags/KH.jpg,캄보디아
flags/CA.gif,캐나다
flags/KE.png,케냐
flags/KY.gif,케이맨제도
flags/KM.gif,코모로
flags/XK.gif,코소보
flags/CR.gif,코스타리카
flags/CI.gif,코트디부아르
flags/CO.gif,콜롬비아
flags/CG.gif,콩고공화국
flags/CD.gif,콩고민주공화국(DR콩고)
flags/CU.gif,쿠바
flags/KW.gif,쿠웨이트
flags/CK.gif,쿡제도
flags/HR.gif,크로아티아
flags/KG.gif,키르기즈
flags/KI.gif,키리바시
flags/TW.gif,타이완
flags/TJ.gif,타지키스탄
flags/TZ.gif,탄자니아
flags/TH.gif,태국
flags/TC.gif,터크스·케이커스 제도
flags/TR,Turkey,터키
flags/TG.gif,토고
flags/TO.gif,통가
flags/TM.gif,투르크메니스탄
flags/TV.gif,투발루
flags/TN.gif,튀니지
flags/TT.gif,트리니다드토바고
flags/PA.gif,파나마
flags/PY.gif,파라과이
flags/PK.gif,파키스탄
flags/PG.png,파푸아뉴기니
flags/PW.gif,팔라우
flags/PS.gif,팔레스타인
flags/PE.gif,페루
flags/PT.gif,포르투갈
flags/PL.png,폴란드
flags/FR.gif,프랑스
flags/GF.gif,프랑스령 기아나
flags/PF.gif,프랑스령 폴리네시아
flags/FJ.gif,피지
flags/FI.gif,핀란드
flags/PH.gif,필리핀
flags/PN.gif,P핏케언 섬
flags/HU.gif,헝가리
flags/AU.gif,호주
